{"cameraMode":{"drawMode":0,"name":"Shaded","section":"Shading Mode"},"sceneLighting":true,"audioPlay":false,"sceneViewState":{"m_AlwaysRefresh":false,"showFog":true,"showSkybox":true,"showFlares":true,"showImageEffects":true,"showParticleSystems":true,"showVisualEffectGraphs":true,"m_FxEnabled":true},"in2DMode":false,"pivot":{"x":-27.923065185546876,"y":-47.993743896484378,"z":5.252193450927734},"rotation":{"x":0.49192747473716738,"y":-0.10398422181606293,"z":0.05931637063622475,"w":0.8623698353767395},"size":66.40137481689453,"orthographic":false}